Artist,Tracks,Plays,Time
King Crimson,Epitaph,211,1867.35
King Crimson,The Court of the Crimson King,189,1773.45
Michael McCann,Versalife,185,1433.75
King Crimson,21st Century Schizoid Man,189,1392.3
King Crimson,I Talk to the Wind,193,1154.783
Pink Floyd,Dogs,66,1127.5
Supertramp,Rudy,135,992.25
King Crimson,Cat Food,201,984.9
Michael McCann,Sandstorm,190,918.333
Pink Floyd,Echoes,39,917.8
Camel,Lady Fantasy: Encounter / Smiles for You / Lady Fantasy,68,867.0
King Crimson,Starless,191,859.5
Dire Straits,Brothers in Arms,117,820.95
Michael McCann,Prague,184,766.667
Michael McCann,Opening Credits,339,762.75
Gorillaz,Feel Good Inc.,207,762.45
Supertramp,Crime of the Century,133,742.583
Jethro Tull,"Thick as a Brick, Part I",31,700.6
Supertramp,School,124,696.467
Yes,Close to the Edge,36,676.2
Michael McCann,The UTULEK Complex Golem City,143,631.583
Michael McCann,Main Menu Theme,172,622.067
Michael McCann,Embrace What You Have Become Trailer,177,616.55
Tool,Lateralus,64,601.6
Dire Straits,Money for Nothing,70,590.333
Yes,Siberian Khatru,66,588.5
Pink Floyd,Pigs (Three Different Ones),51,582.25
Pink Floyd,"Shine on You Crazy Diamond, Pts. 1-5",43,581.217
Supertramp,Bloody Well Right,126,569.1
Michael McCann,After the Crash,139,562.95
Camel,Nimrodel / The Procession / The White Rider,60,558.0
Michael McCann,Icarus - Main Theme,145,534.083
Tool,Reflection,47,522.483
Supertramp,The Logical Song,126,520.8
Camel,Lunar Sea,54,497.7
Dire Straits,Private Investigations,72,487.2
Tool,Pneuma,41,486.533
Radiohead,No Surprises,127,482.6
King Crimson,Moonchild,195,471.25
Michael McCann,First and Last,145,468.833
Pink Floyd,Sheep,45,464.25
Mick Gordon,BFG Division,55,463.833
Michael McCann,Apex Towers,175,460.833
Yes,Heart of the Sunrise,39,446.55
Tool,Fear Inoculum,43,445.05
Dire Straits,Tunnel of Love,54,439.2
Home,Resonance,124,438.133
King Crimson,Frame by Frame,84,434.0
Camel,Song Within a Song,58,417.6
Alexander Brandon,Home Base (UNATCO),41,416.15
Pink Floyd,Welcome to the Machine,54,405.9
Home,We're Finally Landing,89,403.467
Dire Straits,Sultans of Swing,69,401.35
Dire Straits,Your Latest Trick,59,386.45
Michael McCann,Sewers,89,384.183
Camel,Freefall,64,377.6
Keiki Kobayashi,Daredevil,70,374.5
Michael McCann,Barrett Boss Fight,128,360.533
Home,Decay,85,355.583
Pink Floyd,Wish You Were Here,63,350.7
Gorillaz,Clint Eastwood,61,345.667
New Order,Age of Consent,65,342.333
Camel,Air Born,68,341.133
Michael McCann,Singapore Ambient (Part 2),141,338.4
Michael McCann,The Mole,141,338.4
Tool,Parabol(a),37,337.933
Mick Gordon,The Only Thing They Fear Is You,49,336.467
Dire Straits,On Every Street,65,329.333
Howard Shore,Into the West,56,323.867
Radiohead,Karma Police,74,321.9
Pink Floyd,Time,45,319.5
Radiohead,Paranoid Android,50,319.167
Camel,Dunkirk,58,314.167
Tool,Schism,46,312.033
Pink Floyd,"Shine on You Crazy Diamond, Pts. 6-9",25,311.25
Supertramp,Breakfast in America,117,308.1
Rush,Freewill,57,307.8
The Police,Bring On The Night,72,307.2
Martin O'Donnell &amp; Michael Salvatori,Cloaked in Blackness,82,300.667
Dire Straits,So Far Away,57,296.4
Michael McCann,The UTULEK Complex: Golem City,67,295.917
Mick Gordon,Harbinger,41,294.517
Supertramp,Goodbye Stranger,50,290.833
New Order,Bizarre Love Triangle,66,288.2
Dire Straits,Romeo &amp; Juliet,48,283.2
Michael McCann,Detroit City Ambient (Part 1),138,282.9
Foster the People,Pumped Up Kicks,70,278.833
Michael McCann,TF29,65,278.417
Alexander Brandon,UNATCO,64,276.267
Rage Against the Machine,Wake Up,45,273.0
Tool,Disposition,57,271.7
Pink Floyd,Money,40,268.667
Dire Straits,Why Worry,31,263.5
Mick Gordon,SkullHacker,36,261.0
Pink Floyd,Us and Them,34,258.4
Gorillaz,On Melancholy Hill,66,256.3
Steve Miller Band,Fly Like an Eagle,54,255.6
Gorillaz,Empire Ants,54,254.7
Yes,Owner of a Lonely Heart,56,252.0
Pink Floyd,Have a Cigar,49,250.717
Led Zeppelin,The Battle of Evermore,42,245.7
Dire Straits,Love Over Gold,39,245.05
Camel,Supertwister,67,226.683
&quot;Weird Al&quot; Yankovic,It’s All About the Pentiums,63,224.7
Rush,Red Barchetta,36,222.6
Rush,Working Man,31,222.167
Red Hot Chili Peppers,Under the Bridge,50,220.0
Muse,Hysteria,58,219.433
Dire Straits,Industrial Disease,37,215.833
Muse,Knights of Cydonia,35,213.5
Gentle Giant,Proclamation,31,210.283
Mick Gordon,Cultist Base,38,210.267
New Order,Blue Monday,28,210.0
Gorillaz,Tomorrow Comes Today,65,209.083
Mick Gordon,Hellwalker,41,208.417
Genesis,That's All,47,206.8
Toto,Africa,42,206.5
Pink Floyd,The Great Gig in the Sky,43,204.25
Rage Against the Machine,Take the Power Back,36,202.2
Tool,Forty Six &amp; 2,33,200.2
Beastie Boys,Sabotage,67,198.767
Junkie XL,Bombers Over Ibiza  (Junkie XL Remix),34,198.333
Scorpions,Wind of Change,38,198.233
The White Stripes,Seven Nation Army,51,197.2
The Smashing Pumpkins,1979,44,195.067
Rage Against the Machine,Bullet in the Head,37,190.55
Muse,Assassin,54,189.9
Mick Gordon,Demonic Corruption,48,189.6
Dire Straits,Ride Across the River,27,188.1
Rush,2112: I. Overture / II. The Temples of Syrinx / III. Discovery / IV. Presentation / V. Oracle: the Dream / VI. Soliloquy / VII. Grand Finale,9,185.55
Martin O'Donnell &amp; Michael Salvatori,Moon Over Mombasa Part 2,156,184.6
Linkin Park,Points of Authority,55,183.333
Martin O'Donnell &amp; Michael Salvatori,Jeopardy,65,182.0
Hans Zimmer,Dust,32,181.867
Red Hot Chili Peppers,The Zephyr Song,47,181.733
Pink Floyd,Comfortably Numb,28,178.267
Rush,A Farewell to Kings,30,177.0
Radiohead,Airbag,37,174.517
Thin Lizzy,The Boys Are Back in Town,38,171.0
Home,Billiards,58,170.133
Red Hot Chili Peppers,Can't Stop,38,169.733
Rush,Subdivisions,30,169.0
Tool,Sober,33,168.3
Dire Straits,Walk of Life,40,168.0
U2,Beautiful Day,41,167.417
Mick Gordon,Rip &amp; Tear,39,167.05
Camel,Another Night,24,166.8
George Michael,Careless Whisper,33,166.1
Mick Gordon,The Super Gore Nest,32,165.867
Gorillaz,O Green World,36,162.6
Phil Collins,In the Air Tonight,29,162.4
Alexander Brandon,Night Assignment (New York Streets),38,162.133
Gorillaz,Every Planet We Reach Is Dead,33,161.15
Supertramp,Take the Long Way Home,31,160.167
Steely Dan,Do It Again,27,159.75
Ludowic,Overdose,36,159.6
Stephen Rippy,Shamburger,47,159.017
The Police,Does Everyone Stare,41,158.533
Ludowic,Katana Zero,27,156.15
Red Hot Chili Peppers,Snow (Hey Oh),28,155.867
Tom Petty and The Heartbreakers,Mary Jane's Last Dance,34,154.7
Muse,Citizen Erased,21,153.65
Genesis,Firth of Fifth,16,153.067
Mitsuhiro Kitadani,444,33,152.35
Pearl Jam,Black,27,152.1
Home,Come Back Down,31,151.383
Muse,Uprising,30,151.0
Red Hot Chili Peppers,Dark Necessities,30,151.0
Alexander Brandon,Return to Liberty Island (Liberty Island),32,150.933
AC/DC,Back in Black,35,148.75
Eagles,One of These Nights,32,146.667
Jethro Tull,Locomotive Breath,33,146.3
The Police,Message in a Bottle,30,145.5
Gorillaz,Stylo,32,144.0
Pink Floyd,"Another Brick in the Wall, Pt. 2",36,142.8
Rage Against the Machine,Know Your Enemy,29,142.583
Martin O'Donnell &amp; Michael Salvatori,Infiltrate,37,141.833
Alexander Brandon,Mission Critical (Unatco Combat),35,140.583
Home,Synchronize,35,140.0
Muse,Invincible,28,140.0
Radiohead,Creep,35,138.833
Mick Gordon,Doom Eternal,28,138.6
Led Zeppelin,Kashmir,16,137.867
Alexander Brandon,A Tough Decision (Lebedev's Airfield),39,137.8
Rush,YYZ,31,137.433
Alexander Brandon,UNATCO Return (Opponent Within),26,137.367
Red Hot Chili Peppers,Give It Away,29,136.3
Camel,West Berlin,26,135.2
Bill Kiley,End Of The Road,26,133.9
Pink Floyd,On the Run,37,132.583
Martin O'Donnell &amp; Michael Salvatori,Unless You Mean To Shoot,53,132.5
Alexander Brandon,Majestic 12 Laboratories,26,132.167
Tom Petty,Mary Jane's Last Dance,29,131.95
King Crimson,Red,21,131.95
Pink Floyd,"Another Brick in the Wall, Pt. 1",41,131.2
Martin O'Donnell &amp; Michael Salvatori,Halo Theme Scorpion Mix,42,130.9
Jesper Kyd,Vegas,20,130.667
Christopher Larkin,Greenpath,36,130.2
Pink Floyd,Breathe,47,129.25
Michael McCann,Janus,27,129.15
Alexander Brandon,Synapse Awake (The Synapse),30,127.0
Muse,Resistance,22,126.867
The Police,So Lonely,26,125.233
Muse,Plug In Baby,34,124.667
Home,Above All,33,124.3
Home,Falling Into Place,33,124.3
Rush,Tom Sawyer,27,124.2
Mick Gordon,Uac Report File; Shto36u3,40,122.667
The Police,Deathwish,29,122.283
Alexander Brandon,Paris Dance (Paris Club),34,121.267
Alexander Brandon,DuClare Chateau,23,121.133
Rage Against the Machine,Killing in the Name,23,120.367
Alexander Brandon,Battery Park,28,119.933
Rush,The Spirit of Radio,24,119.6
Gorillaz,Superfast Jellyfish,41,118.9
Michael McCann,Home,52,118.733
Alexander Brandon,Conspiracy Theory (Versalife and Majestic 12),24,118.4
The Police,Reggatta De Blanc,38,117.8
Green Day,Whatsername,28,117.6
Alexander Brandon,So It Begins (Deus Ex Main Title),44,117.333
Pink Floyd,Learning to Fly,24,116.8
Rush,Limelight,27,116.55
The Police,It's Alright For You,36,115.8
Alexander Brandon,Lebedev Airfield,32,115.733
Alexander Brandon,Paris Cathedral - Metro,18,115.5
Gorillaz,El Mañana,30,115.0
Radiohead,Exit Music (for a Film),26,114.833
Home,Without A Sound,32,113.6
CoLD SToRAGE,Messij,21,113.05
Home,Head First,31,110.05
Mick Gordon,End Of Level,44,110.0
Cream,White Room,22,110.0
The Police,Every Breath You Take,26,109.633
Pink Floyd,Run Like Hell,25,109.583
Metallica,For Whom the Bell Tolls,21,108.15
Muse,Supermassive Black Hole,31,107.983
Alexander Brandon,Hong Kong Streets,25,107.917
Alexander Brandon,Nicolette's Rapture (Duclare Chateau),32,107.733
Rush,Tears,30,107.0
The Police,The Bed's Too Big Without You,24,106.4
The Police,Walking on the Moon,21,105.7
Martin O'Donnell &amp; Michael Salvatori,Lions and Tigers and...,64,105.6
Collective Soul,December,22,104.5
Led Zeppelin,Stairway to Heaven,13,104.433
Martin O'Donnell &amp; Michael Salvatori,Cryptic Whisper,36,103.2
Mick Gordon,Kalibas The Sightless Judge,18,102.9
R.E.M.,Losing My Religion,23,102.733
Muse,Undisclosed Desires,26,102.267
The Who,Won't Get Fooled Again,12,102.2
Jesper Kyd,Hunter,15,102.0
Red Hot Chili Peppers,Californication,19,101.65
DJ Electrohead,Hit The Floor,29,101.5
Rage Against the Machine,Down Rodeo,19,101.333
Rush,Fly by Night,30,101.0
Michael McCann,Safehouse,35,100.917
The Police,Invisible Sun,27,100.8
Mick Gordon,Hell On Earth,20,100.667
Alexander Brandon,Reyes Gauntlet (Training Room),41,100.45
Muse,Starlight,25,99.583
Keiki Kobayashi,Dual Wielder,28,99.4
Home,Warmth,33,97.35
Dire Straits,Calling Elvis,15,96.75
The Police,Synchronicity II,19,95.633
Martin O'Donnell &amp; Michael Salvatori,Moon Over Mombasa,49,95.55
Rage Against the Machine,Bulls on Parade,25,95.417
The Police,Contact,36,94.8
Alexander Brandon,Ambrosia Hunt (Battery Park),23,94.683
Martin O'Donnell &amp; Michael Salvatori,Pale Rider,61,94.55
Sting,Fields of Gold,26,94.467
Home,New Machines,32,94.4
Camel,Chord Change,14,94.267
Red Hot Chili Peppers,Scar Tissue,26,94.033
New Order,Elegia,19,93.733
Martin O'Donnell &amp; Michael Salvatori,"Bravery, Brotherhood",63,93.45
Pink Floyd,Hey You,20,92.667
The Clash,Rock the Casbah,25,92.5
Ryo Watanabe,Magic Spear I,22,92.4
The Who,Underture,9,90.6
Keiki Kobayashi,Yinshi Valley,27,90.45
Linkin Park,In the End,25,90.0
The Cars,Just What I Needed,24,90.0
Pink Floyd,Any Colour You Like,26,89.7
The Police,King of Pain,18,89.7
Led Zeppelin,Trampled Under Foot,16,89.6
Rage Against the Machine,Bombtrack,22,89.467
The Police,Don't Stand So Close to Me,22,89.467
Pink Floyd,Brain Damage,23,88.933
Camel,Refugee,23,87.783
Rush,Closer to the Heart,30,87.5
Pink Floyd,Interstellar Overdrive,9,87.0
Home,12,38,86.767
Alexander Brandon,Area 51,19,86.767
Stephen Rippy,I Will Beat On Your Behind,29,86.517
Martin O'Donnell &amp; Michael Salvatori,Deference For Darkness,13,86.233
Mick Gordon,BFG Division 2020,18,85.8
Linkin Park,Somewhere I Belong,24,85.6
Ludowic,Panoramic Feelings,27,85.5
Kevin McMullan,Shookies in the Bank,27,85.05
The Doors,Light My Fire,12,85.0
Alexander Brandon,The Illuminati Reborn (Credits),28,84.467
Jethro Tull,"Thick as a Brick, Part II",4,84.2
Keiki Kobayashi,Siren's Song,24,84.0
Alexander Brandon,Versalife,21,84.0
The Police,Can't Stand Losing You,28,83.533
Hans Zimmer,Why So Serious?,9,83.4
Alexander Brandon,Main Theme,34,82.733
Rage Against the Machine,Guerrilla Radio,24,82.4
The Police,Every Little Thing She Does Is Magic,19,82.333
Home,Sunshower,28,82.133
Rush,A Passage to Bangkok,23,82.033
Home,Oort Cloud,24,82.0
Styx,Mr. Roboto,15,82.0
Mick Gordon,At Doom's Gate,70,81.667
Stephen Rippy,Neep Ninny-Bod (Mix 2),25,81.667
Lenny Kravitz,Fly Away,22,81.033
Stephen Rippy,Machina del Diablo,27,81.0
&quot;Weird Al&quot; Yankovic,Bedrock Anthem,22,80.667
Howard Shore,The Breaking of the Fellowship,11,80.667
Linkin Park,Papercut,26,79.733
Gorillaz,White Light,37,78.933
Led Zeppelin,Black Dog,16,78.667
Michael McCann,Penthouse,49,78.4
Supertramp,Dreamer,22,78.1
Stephen Rippy,"Ride, Lawrence, Ride!",27,77.85
&quot;Weird Al&quot; Yankovic,Amish Paradise,23,77.433
Home,Flashlight,28,77.0
Camel,Fingertips,17,76.783
Jesper Kyd,Apocalypse,17,76.783
Hans Zimmer,S.T.A.Y.,12,76.6
Red Hot Chili Peppers,Otherside,18,76.5
The Police,Bombs Away,24,75.6
Hans Zimmer,The Electro Suite,6,75.6
Stephen Rippy,Bass Bag (Album Version),24,75.2
Gorillaz,November Has Come,28,75.133
The Who,Baba O'Riley,15,75.0
Stephen Rippy,Voodoodoodoo,25,74.583
The Police,Synchronicity I,22,74.433
Martin O'Donnell &amp; Michael Salvatori,Not a Number,47,74.417
Vitalis Eirich,Movement Atnadev,24,74.4
Supertramp,Give a Little Bit,18,74.4
Led Zeppelin,Misty Mountain Hop,16,74.133
The Prodigy,Invaders Must Die,15,73.75
Christopher Larkin,False Knight,24,73.6
Gorillaz,19-2000,21,73.5
The Police,Wrapped Around Your Finger,14,73.033
Stephen Rippy,Operation: Monkey,22,72.6
The Jimi Hendrix Experience,All Along the Watchtower,18,72.3
Led Zeppelin,The Ocean,16,72.267
Kevin McMullan,Seamus &amp; Chamois,20,72.0
Martin O'Donnell &amp; Michael Salvatori,Rock in a Hard Place,54,71.1
Camel,Cloak and Dagger Man,18,71.1
Alexander Brandon,Naval Base,29,70.567
Loverboy,Working for the Weekend,19,69.983
Stephen Rippy,"Smells Like Crickets, Tastes Like Chicken",23,69.767
Stephen Rippy,T Station,22,69.667
Beastie Boys,Paul Revere,19,69.667
Michael McCann,Distorted Reality,14,69.3
Yes,Roundabout,8,68.933
Hans Zimmer,Stay,10,68.667
Vitalis Eirich,Southeast Side,23,68.617
Alexander Brandon,Hong Kong Helipad,26,68.467
Pearl Jam,Jeremy,13,68.467
Mick Gordon,BFG 10k,23,67.083
Hans Zimmer,Imagine the Fire,9,66.75
Jesper Kyd,Amb Zone,17,66.583
Home,Flatline,33,66.55
The Cars,Drive,17,66.3
The Police,Voices Inside My Head,17,66.017
&quot;Weird Al&quot; Yankovic,The Saga Begins,12,65.6
Boston,Peace of Mind,13,65.217
Led Zeppelin,Moby Dick,15,65.0
Led Zeppelin,When the Levee Breaks,9,64.2
Led Zeppelin,Ramble On,14,63.933
Martin O'Donnell &amp; Michael Salvatori,Three Gates,14,63.933
Kevin McMullan,The Bovinian Derivative,20,63.667
CoLD SToRAGE,Operatique,12,63.6
Alexander Brandon,NYC Streets 1,20,63.333
Rush,The Twilight Zone,19,63.017
Jesper Kyd,Night Time in New Orleans,19,62.383
Linkin Park,Numb,20,62.333
Christopher Larkin,City of Tears,21,62.3
Dire Straits,Lady Writer,17,62.05
Led Zeppelin,Four Sticks,13,61.75
Kevin McMullan,Tide Me Over Warm 'em Ups,20,61.333
The Police,Roxanne,19,61.117
Metallica,Turn the Page,10,61.0
Keiki Kobayashi,Hush,11,60.867
Metallica,Enter Sandman,11,60.683
Michael McCann,G.A.R.M.,18,60.6
Ryo Watanabe,Skies Unknown,39,60.45
Oasis,Wonderwall,14,60.2
Daft Punk,"Harder, Better, Faster, Stronger",16,59.733
The Police,Spirits in the Material World,20,59.667
Vitalis Eirich,Diamond Dragon,19,59.533
Pink Floyd,In the Flesh?,18,59.4
Alexander Brandon,Liberty Island,10,59.333
The Smashing Pumpkins,"Tonight, Tonight",14,59.267
Dire Straits,Heavy Fuel,12,59.2
Stephen Rippy,Basura! Basura!,21,59.15
Bill Kiley,Snow,25,58.333
Smash Mouth,Walkin' On The Sun,17,58.083
Hans Zimmer,I'm Going Home,10,58.0
Dire Straits,Telegraph Road,4,57.067
The Who,Pinball Wizard,19,57.0
Rage Against the Machine,How I Could Just Kill a Man,14,56.933
Robert Prince,At Doom's Gate,33,56.65
Alexander Brandon,NYC Streets 2 (Mission Eight),17,56.1
Pink Floyd,Pigs on the Wing (Part 1),40,56.0
Stephen Rippy,Drizzle (Firelight Smoove Mix),21,55.65
Hans Zimmer,The Fire Rises,10,55.5
"Bill Kiley, Justin Stander",Nocturne,25,55.417
Dire Straits,One World,15,55.0
Jesper Kyd,Club Heaven,17,54.967
Hans Zimmer,Mountains,15,54.75
Joy Division,Transmission,15,54.5
The Smashing Pumpkins,Cherub Rock,11,54.45
Stone Temple Pilots,Big Empty,11,53.9
Hans Zimmer,Aggressive Expansion,12,53.8
Howard Shore,The Bridge of Khazad-Dûm,9,53.55
Jesper Kyd,Before the Storm,20,53.333
The Police,Secret Journey,15,53.25
Jethro Tull,Aqualung,8,53.067
Pink Floyd,Speak to Me,44,52.8
Bad Company,Bad Company,11,52.8
Led Zeppelin,Good Times Bad Times,19,52.567
Aperture Science Psychoacoustics Laboratory,Self Esteem Fund,15,52.5
The Police,O My God,13,52.433
Eagles,Hotel California,8,52.4
Alexander Brandon,Training,25,52.083
The Police,Hungry For You (J'Aurais Toujours Faim De Toi),18,51.6
Metallica,The Unforgiven,8,51.6
Hans Zimmer,I'm Not a Hero,8,51.467
Dire Straits,Communiqué,9,51.45
U2,Sunday Bloody Sunday,11,51.333
Rage Against the Machine,Vietnow,11,50.783
Stephen Rippy,Case in Point: Paste,17,50.433
Aperture Science Psychoacoustics Laboratory,Halls Of Science 4,11,50.417
Stephen Rippy,Tazer,17,50.15
Dire Straits,Six Blade Knife,12,50.0
Linkin Park,One Step Closer,19,49.717
The Animals,The House of the Rising Sun,11,49.683
Pink Floyd,Eclipse,23,49.45
CoLD SToRAGE,Tentative,9,49.35
Joy Division,Disorder,14,48.767
Led Zeppelin,Immigrant Song,20,48.667
The Police,Canary In A Coalmine,20,48.667
Stephen Rippy,The Monkey Book,19,48.45
The Police,Darkness,15,48.25
The Who,Behind Blue Eyes,13,47.883
Hans Zimmer,Agent of Chaos,7,47.833
Home,2,27,47.7
The Police,Tea In The Sahara,11,47.483
Christopher Larkin,Hornet,17,47.033
Toto,Hold the Line,12,47.0
Junkie XL,Brothers In Arms,8,46.933
The Police,Walking In Your Footsteps,13,46.8
The Smashing Pumpkins,Soma,7,46.667
AC/DC,T.N.T.,13,46.583
Led Zeppelin,Heartbreaker,11,46.567
Christopher Larkin,Crossroads,19,46.55
Home,Heading Up,32,46.4
"Tunç Çakır, LudoWic",Blue Room (KZ-version),16,46.4
Howard Shore,A Knife in the Dark,13,46.367
Blue Öyster Cult,(Don't Fear) The Reaper,9,46.2
Metallica,Ride the Lightning,7,46.2
Pink Floyd,See Emily Play,16,46.133
Christopher Larkin,Dirtmouth,24,46.0
Christopher Larkin,Fungal Wastes,15,46.0
Stephen Rippy,Pork Parts,18,45.9
U2,I Still Haven't Found What I'm Looking For,10,45.667
Lynyrd Skynyrd,Free Bird,5,45.583
Hans Zimmer,Gotham's Reckoning,11,45.283
CoLD SToRAGE,Kinkong,10,44.833
&quot;Weird Al&quot; Yankovic,Money for Nothing/Beverly Hillbillies,14,44.567
Led Zeppelin,Whole Lotta Love,8,44.533
The Who,Who Are You,7,44.45
U2,With or Without You,9,44.25
Howard Shore,The Black Gate Opens,11,44.183
Home,18,28,43.4
Green Day,Boulevard of Broken Dreams,10,43.333
U2,Where the Streets Have No Name,9,43.05
The White Stripes,Icky Thump,10,43.0
Van Halen,Runnin With The Devil,12,42.8
Don McLean,American Pie,5,42.75
Hans Zimmer,The Shadows Betray You,8,42.667
Whitesnake,Is This Love,9,42.6
Nirvana,Heart-Shaped Box,9,42.15
Bill Kiley,Rain On Brick,30,42.0
Dire Straits,Twisting By the Pool,12,42.0
Aperture Science Psychoacoustics Laboratory,Comedy = Tragedy + Time,12,41.8
Foo Fighters,Everlong,10,41.667
The Police,"De Do Do Do, De Da Da Da",10,41.5
Aperture Science Psychoacoustics Laboratory,Android Hell,11,41.25
Howard Shore,The Fields of Pelennor,12,41.2
Junkie XL,Chapter Doof,6,40.9
Collective Soul,Shine,8,40.8
Pink Floyd,"Another Brick in the Wall, Pt. 3",33,40.7
Foo Fighters,The Pretender,9,40.35
Van Halen,Jump,10,40.167
Foreigner,Cold as Ice,12,40.0
Hans Zimmer,Like a Dog Chasing Cars,8,39.867
Hans Zimmer,Day One,12,39.8
Mick Gordon,Everything Is Going to Be Okay,16,39.733
Moby,Extreme Ways,10,39.5
Scorpions,No One Like You,10,39.5
Deep Purple,Smoke on the Water,7,39.433
Black Sabbath,War Pigs,5,39.417
Pearl Jam,Even Flow,8,39.067
Howard Shore,Forth Eorlingas,12,39.0
UK,In The Dead Of Night,7,38.967
AC/DC,Thunderstruck,8,38.933
The Smashing Pumpkins,Bullet With Butterfly Wings,9,38.7
Metallica,Welcome Home (Sanitarium),6,38.7
Michael McCann,Battle for the Future,10,38.667
Howard Shore,The Uruk-Hai,13,38.567
Styx,Renegades,9,38.55
Christopher Larkin,Mantis Lords,22,38.5
Pink Floyd,The Happiest Days of Our Lives,21,38.5
Aperture Science Psychoacoustics Laboratory,9999999,12,38.2
Boston,More Than a Feeling,8,38.0
Christopher Larkin,Reflection,23,37.95
Journey,Separate Ways (Worlds Apart),7,37.683
Kansas,Carry on Wayward Son,7,37.683
Tears for Fears,Everybody Wants to Rule the World,9,37.65
CoLD SToRAGE,Canada,6,37.4
Dire Straits,The Man’s Too Strong,8,37.333
Nine Inch Nails,Closer,6,37.3
Bill Kiley,Sneaky Driver,8,37.2
CoLD SToRAGE,Messij Extended,4,37.2
Gorillaz,Dirty Harry,10,37.167
CoLD SToRAGE,Body Plus - &quot;Body in Motion&quot; Remix,4,37.133
&quot;Weird Al&quot; Yankovic,Germs,8,37.067
Aperture Science Psychoacoustics Laboratory,(defun botsbuildbots () (botsbuildbots)),9,37.05
Styx,Come Sail Away,6,36.7
Keiki Kobayashi,Zero,7,36.633
Moby,We Are All Made of Stars,8,36.4
CoLD SToRAGE,Cairodrome,7,36.4
CoLD SToRAGE,Kinkong - Mix 2,8,36.133
Foreigner,Urgent,8,36.133
Ludowic,V Limo (New Donk Shitty),21,35.7
Aperture Science Psychoacoustics Laboratory,Cara Mia Addio,14,35.7
Sting,Englishman in New York,8,35.467
Black Sabbath,Iron Man,6,35.4
Ratt,Round and Round,8,35.333
Journey,Lights,11,34.833
Living Colour,Cult of Personality,7,34.3
U2,New Year's Day,8,34.267
Tom Petty,Free Fallin',8,34.133
Michael McCann,The Orchid,8,34.0
Collective Soul,Listen,8,33.733
Michael McCann,Palisade Bank,7,33.6
Tool,Rosetta Stoned,3,33.55
Nazareth,Hair of the Dog,8,33.333
Asia,Only Time Will Tell,7,33.25
Sting,Desert Rose,7,33.25
Scorpions,Big City Nights,8,33.2
Hans Zimmer,No Time For Caution,8,32.8
Michael McCann,The Machine God,8,32.8
Kids Fly,Ensemble Dissonance,8,32.667
Foreigner,Head Games,9,32.55
Sting,Shape Of My Heart,7,32.55
&quot;Weird Al&quot; Yankovic,Theme from Rocky XIII (the Rye or the Kaiser),9,32.4
Hans Zimmer,Time,7,32.317
Christopher Larkin,Hollow Knight,20,32.0
The Smashing Pumpkins,Zero,12,32.0
Aerosmith,Sweet Emotion,7,31.967
Aperture Science Psychoacoustics Laboratory,Procedural Jiggle Bone,7,31.967
Rush,Something for Nothing,8,31.867
&quot;Weird Al&quot; Yankovic,I Can't Watch This,9,31.65
Hans Zimmer,Dreaming of the Crash,8,31.333
CoLD SToRAGE,DOH-T,6,31.3
Foreigner,Hot Blooded,7,31.267
Danny Elfman,The Little Things,9,31.05
Rage Against the Machine,Freedom,5,30.5
Foreigner,Juke Box Hero,7,30.217
Nirvana,Smells Like Teen Spirit,6,30.1
The Smashing Pumpkins,The Beginning Is the End Is the Beginning,6,30.0
Nirvana,Lithium,7,29.983
Ozzy Osbourne,Bark at the Moon,7,29.983
Rage Against the Machine,Calm Like a Bomb,6,29.8
Blue Öyster Cult,Godzilla,8,29.467
Michael Jackson,Billie Jean,6,29.4
Junkie XL,Blood Bag,8,29.2
Howard Shore,Concerning Hobbits,10,29.167
Cream,Sunshine of Your Love,7,29.167
Aperture Science Psychoacoustics Laboratory,Robot Waiting Room #4,13,29.033
The Doors,Riders on the Storm,4,29.0
Bill Kiley,A Fine Red Mist,24,28.8
Blue Öyster Cult,Sole Survivor,7,28.7
&quot;Weird Al&quot; Yankovic,Canadian Idiot,12,28.6
ZZ Top,Cheap Sunglasses,6,28.6
Howard Shore,Andúril,11,28.417
Michael McCann,Martial Law,9,28.35
Moby,Porcelain,7,28.117
Aperture Science Psychoacoustics Laboratory,Science is Fun,11,28.05
Metallica,"Damage, Inc.",5,27.667
CoLD SToRAGE,Plasticity,7,27.183
Michael McCann,Dark Days,6,26.9
Michael McCann,Breaching the Veil,6,26.8
Guns N' Roses,November Rain,3,26.8
Asia,Heat of the Moment,7,26.483
AC/DC,Shoot to Thrill,5,26.417
The Smashing Pumpkins,Disarm,8,26.267
&quot;Weird Al&quot; Yankovic,Couch Potato,6,26.1
The Rolling Stones,(I Can't Get No) Satisfaction,7,26.017
Metallica,Battery,5,26.0
Metallica,Nothing Else Matters,4,25.867
Metallica,Master of Puppets,3,25.75
CoLD SToRAGE,Messij Received,6,25.5
Scorpions,Rock You Like a Hurricane,6,25.5
Hans Zimmer,Introduce a Little Anarchy,7,25.433
Metallica,Orion,3,25.35
Foreigner,I Want to Know What Love Is,5,25.333
Dio,Rainbow in the Dark,6,25.3
Bryan Adams,Summer of '69,7,25.2
The Rolling Stones,Sympathy for the Devil,4,25.133
Bon Jovi,Livin' on a Prayer,6,25.1
Ozzy Osbourne,Crazy Train,5,24.667
The Jimi Hendrix Experience,Purple Haze,9,24.6
System of a Down,Chop Suey!,7,24.5
Van Halen,Panama,7,24.5
R.E.M.,It's the End of the World as We Know It (and I Feel Fine),6,24.5
Audioslave,Like a Stone,5,24.5
Gorillaz,DARE,6,24.4
Pink Floyd,Young Lust,7,24.383
Martin O'Donnell &amp; Michael Salvatori,How to Get Ahead in War,13,24.267
"Shiho Fujii, Ryo Nagamatsu, Kenta Nagata",Lava,8,24.267
Camel,Pressure Points,11,24.2
Hans Zimmer,Tears In The Rain,11,23.833
Alice in Chains,Man in the Box,5,23.667
Howard Shore,The Ride of the Rohirrim,11,23.467
&quot;Weird Al&quot; Yankovic,Eat It,7,23.45
Billy Squier,Lonely Is The Night,5,23.417
&quot;Weird Al&quot; Yankovic,I Love Rocky Road,9,23.4
Beastie Boys,Sure Shot,7,23.217
Aperture Science Psychoacoustics Laboratory,Robot Waiting Room #6,11,23.1
ZZ Top,La Grange,6,23.0
&quot;Weird Al&quot; Yankovic,White &amp; Nerdy,8,22.667
Blue Öyster Cult,Burnin for You,5,22.583
&quot;Weird Al&quot; Yankovic,Smells Like Nirvana,6,22.5
Gorillaz,Kids With Guns,6,22.5
The Rolling Stones,Gimme Shelter,5,22.5
Bon Jovi,It's My Life,6,22.4
Metallica,One,3,22.3
Pink Floyd,Goodbye Blue Sky,8,22.267
Aerosmith,Dream On,5,22.25
Genesis,Watcher of the Skies,3,22.1
&quot;Weird Al&quot; Yankovic,Callin 'In Sick,6,22.0
Hans Zimmer,Fear Will Find You,7,21.933
Home,Fata Morgana (Interlude),17,21.817
Hans Zimmer,Discombobulate,9,21.75
Hans Zimmer,Dream Is Collapsing,9,21.75
King Gizzard &amp; The Lizard Wizard,Crumbling Castle,2,21.467
The Rolling Stones,Start Me Up,6,21.4
Ozzy Osbourne,Shot in the Dark,5,21.333
Pink Floyd,Don't Leave Me Now,5,21.25
C418,Minecraft,5,21.167
AC/DC,You Shook Me All Night Long,6,21.0
Beastie Boys,Intergalactic,6,21.0
CoLD SToRAGE,Body in Motion,4,20.933
Genesis,Invisible Touch,6,20.9
AC/DC,Highway to Hell,6,20.8
Beastie Boys,Fight for Your Right,6,20.7
Rush,Cygnus X-1 (Book One - The Voyage),2,20.7
Bon Jovi,Wanted Dead or Alive,4,20.667
Mick Gordon,The DOOM Hunter,4,20.533
Coldplay,Clocks,4,20.467
Propellerheads,Spybreak!,5,20.333
Mick Gordon,Alex Theme,10,20.167
Pink Floyd,Pigs on the Wing (Part 2),14,20.067
Camel,Earthrise,3,20.05
Gorillaz,Rhinestone Eyes,6,20.0
Hans Zimmer,Blood on My Hands,9,19.8
Raphael Colantonio,Semi Sacred Geometry,9,19.5
Pink Floyd,The Thin Ice,8,19.467
Nazareth,Love Hurts,5,19.417
Hans Zimmer,And I Thought My Jokes Were Bad,8,19.333
AC/DC,Dirty Deeds Done Dirt Cheap,5,19.333
Clinton Shorter,The Expanse Main Theme,18,19.2
&quot;Weird Al&quot; Yankovic,I'll Sue Ya,5,19.167
U2,Pride (in the Name of Love),5,18.917
Van Halen,Ain't Talkin Bout Love,5,18.917
Hans Zimmer,Cornfield Chase,9,18.9
CoLD SToRAGE,God's Gift,4,18.8
Mötley Crüe,Kickstart My Heart,4,18.8
Bryan Adams,Cloud Number Nine,5,18.75
Robert Prince,Dark Halls,4,18.533
Keiki Kobayashi,Space Elevator,5,18.5
The Police,Murder By Numbers,4,18.4
CoLD SToRAGE,BONUS TRACK : Scratch Pad 1,2,18.367
Whitesnake,Here I Go Again,4,18.333
Hans Zimmer,A Little Push,7,18.2
Michael McCann,DR. Koller,5,18.167
Nirvana,Come as You Are,5,18.167
Aperture Science Psychoacoustics Laboratory,Concentration Enhancing Menu Initialiser,8,18.133
Ozzy Osbourne,Not Going Away,4,18.133
C418,Sweden,5,17.917
The Police,Miss Gradenko,9,17.85
Michael Jackson,Thriller,3,17.85
Steve Miller Band,The Joker,4,17.6
Amon Tobin,El Cargo,4,17.533
Yes,Long Distance Runaround,5,17.5
The Smashing Pumpkins,Mayonaise,3,17.45
Ludwig Goransson,Night Riders,5,17.417
Green Day,American Idiot,6,17.4
David Bowie,Fame,4,17.4
Vitalis Eirich,Hazulu,11,17.233
&quot;Weird Al&quot; Yankovic,King Of Suede,4,17.0
Mick Gordon,Phobos Space,3,16.95
Nirvana,In Bloom,4,16.933
Pink Floyd,Nobody Home,5,16.917
Raphael Colantonio,Mind Game,5,16.833
Aperture Science Psychoacoustics Laboratory,The Future Starts With You,5,16.75
Pink Floyd,Mother,3,16.7
Hans Zimmer,A Dark Knight,1,16.167
Home,Overflow,3,16.1
Ozzy Osbourne,I Don't Wanna Stop,4,15.933
Kazumi Totaka,Shop Channel,8,15.733
Nirvana,All Apologies,4,15.733
Beastie Boys,Brass Monkey,6,15.7
Camel,Long Goodbyes,3,15.7
Aperture Science Psychoacoustics Laboratory,Robot Waiting Room #1,7,15.633
The Jimi Hendrix Experience,Voodoo Child (Slight Return),3,15.55
Vitalis Eirich,Fleisch und Eiscreme,15,15.5
Stephen Rippy,Carne y Helado,20,15.333
Amon Tobin,The Lighthouse,3,15.25
AC/DC,It's a Long Way to the Top (If You Wanna Rock 'N' Roll),3,15.1
Keiki Kobayashi,Rescue,4,15.067
AC/DC,Moneytalks,4,15.0
Stephen Rippy,Quest for Bacon,13,14.95
CoLD SToRAGE,BONUS TRACK : Power Soccer '97,3,14.55
King Crimson,Level Five,2,14.533
Hans Zimmer,On Thin Ice,5,14.5
Ludwig Goransson,Mando's Back,2,14.5
Pink Floyd,One of My Turns,4,14.4
Hans Zimmer,Why Do We Fall?,7,14.233
Metallica,Fight Fire With Fire,3,14.2
King Crimson,Elephant Talk,3,14.1
Code:Manta,DFCK,3,14.05
Aerosmith,Back in the Saddle,3,14.0
Dio,Holy Diver,3,14.0
Dire Straits,The Man's Too Strong,3,14.0
New Order,Temptation,2,13.967
Amon Tobin,Displaced,2,13.933
Nick Arundel,Arkham City Main Theme,5,13.917
Metallica,Fade to Black,2,13.9
Rage Against the Machine,Renegades of Funk,3,13.7
&quot;Weird Al&quot; Yankovic,Velvet Elvis,3,13.5
Pink Floyd,Is There Anybody Out There?,5,13.417
Robert Prince,Demons on the Prey,5,13.417
Stephen Rippy,Quest for Eggs,11,13.383
Aerosmith,Rag Doll,3,13.3
Whitesnake,Still of the Night,2,13.3
Ludwig Goransson,The Mandalorian,4,13.2
Gorillaz,Fire Coming Out of the Monkey's Head,4,13.067
Michael Jackson,Beat It,3,12.9
Robert Prince,Nobody Told Me About Id,4,12.6
Van Halen,Dance the Night Away,4,12.533
Junkie XL,Storm Is Coming,2,12.533
nounverber,V A P E,3,12.45
Matt Piersall,Into the Tunnels,7,12.367
"Shiho Fujii, Ryo Nagamatsu, Kenta Nagata",Beach,7,12.367
Soundgarden,Spoonman,3,12.3
Mick Gordon,Metal Hell,2,12.233
Stephen Rippy,Quest for Jam,12,12.2
Mick Gordon,Meathook,2,12.2
Martin O'Donnell &amp; Michael Salvatori,Impart,5,12.167
Mick Gordon,No Gravity,5,12.167
Gorillaz,Don't Get Lost in Heaven,6,12.0
Ludwig Goransson,Nurse and Protect,3,11.95
Kenta Nagata,Ground,4,11.867
永田権太,Snow,4,11.867
Green Day,When I Come Around,4,11.8
Aperture Science Psychoacoustics Laboratory,Still Alive,4,11.733
Ludowic,The Sandman 1,15,11.5
Marco Beltrami and Buck Sanders,Le Mans 66,2,11.4
Mick Gordon,Paradise Lost,3,11.35
Jethro Tull,Bourée,3,11.3
Green Day,Welcome to Paradise,3,11.2
Aperture Science Psychoacoustics Laboratory,4000 Degrees Kelvin,11,11.183
Stephen Rippy,Quest For Butter,11,11.183
Camel,Vopos,2,11.133
Rush,Xanadu,1,11.067
Rage Against the Machine,Fistful of Steel,2,11.033
Stephen Rippy,Quest for Bread,10,11.0
Camel,Pressure Points (Instrumental),5,11.0
Aperture Science Psychoacoustics Laboratory,Forwarding the Cause of Science,3,11.0
Mick Gordon,Blood Sacrifice,3,10.75
Mick Gordon,December and January,4,10.733
Soundgarden,Black Hole Sun,2,10.667
CoLD SToRAGE,Cardinal Dancer,2,10.633
"David Rippy, Stephen Rippy",Drizzle (Firelight Smoove Mix),4,10.6
Robert Prince,The Demons From Adrian's Pen,4,10.6
Pink Floyd,The Trial,2,10.6
Pink Floyd,Empty Spaces,5,10.583
Stephen Rippy,Pudding Pie,3,10.5
"Shiho Fujii, Ryo Nagamatsu, Kenta Nagata",World 8 - Bowser’s World,5,10.417
CoLD SToRAGE,Wipeout Intro,9,10.35
Robert Prince,Donna to the Rescue,5,10.333
CoLD SToRAGE,Trancevaal,2,10.333
Robert Prince,Intermission From Doom,3,10.15
The Rolling Stones,Paint It Black,3,10.1
CoLD SToRAGE,Cold Comfort,2,10.067
King Crimson,Discipline,2,10.0
The Beatles,For No One,5,9.917
Michael McCann,Hung Hua Brothel (Extended),3,9.85
Mick Gordon,Gladiator Boss,2,9.767
Mick Gordon,Infiltrate The Cult,2,9.733
Ludowic,The Sandman 2,11,9.717
Green Day,Brain Stew,3,9.6
Robert Prince,Hiding The Secrets,4,9.533
Five Finger Death Punch,A Little Bit Off,3,9.5
Ludwig Goransson,Speederbikes,7,9.45
The Offspring,Pretty Fly (For a White Guy),3,9.45
Hans Zimmer,Dream of Arrakis,3,9.4
Michael McCann,Everybody Lies,2,9.333
Michael McCann,Main Menu,5,9.167
Navie D,Sambafellas,7,8.983
Gorillaz,Demon Days,2,8.933
Ryo Nagamatsu,Title Screen,6,8.9
CoLD SToRAGE,BONUS TRACK : Sensible Soccer Main Menu,3,8.85
Michael McCann,Harvesters,3,8.85
Logic,Hit My Line,2,8.833
Camel,Missing (Instrumental),2,8.8
Home,If I'm Wrong,3,8.75
"Shiho Fujii, Ryo Nagamatsu, Kenta Nagata",World 7 - Cloud World,4,8.733
Martin O'Donnell &amp; Michael Salvatori,Halo Theme Mjolnir Mix,2,8.733
Logic,No Pressure,3,8.7
Mitsuhiro Kitadani,Main Menu,3,8.65
Robert Prince,Deep Into The Code,4,8.6
Ludwig Goransson,Brown Eyes,3,8.55
Pink Floyd,In the Flesh,2,8.5
Todd Masten,Machina del Diablo,2,8.5
Michael McCann,Detroit Marketplace,3,8.45
Ian Livingstone &amp; Phonat,Main Menu Theme 5,3,8.4
The White Stripes,Conquest,3,8.4
Todd Masten,Drizzle,2,8.4
C418,Ward,2,8.333
Todd Masten,T Station,2,8.167
Michael McCann,Return to Hengsha,3,8.15
Yes,The Fish (Schindleria Praematurus),3,8.15
CoLD SToRAGE,Surgeon,2,8.133
CoLD SToRAGE,Tenation,3,7.95
Home,Tides,2,7.9
Pink Floyd,Waiting for the Worms,2,7.9
Ram Jam,Black Betty,2,7.9
Michael McCann,The Hive,2,7.867
Mick Gordon,Maykr Drones,2,7.867
Hans Zimmer,Bene Gesserit,2,7.8
Home,Nosebleed,2,7.8
Boston,Foreplay / Long Time,1,7.783
Home,Before The Night,2,7.767
Metrik,Bring It Like That,2,7.767
Nick Arundel,I Think You Should Do as He Says,3,7.75
Rush,Lessons,2,7.733
Mick Gordon,The Khan Maykr,1,7.683
Camel,Aristillus,4,7.667
Alexander Brandon,Alien Influence (Area 51),2,7.667
Home,Dusk,2,7.5
Ben Crossbones,Stranded,2,7.433
Ozzy Osbourne,No More Tears,1,7.383
CoLD SToRAGE,BONUS TRACK : Sensible Soccer Credits,2,7.367
Pink Floyd,Goodbye Cruel World,6,7.3
Ludwig Goransson,Back for Beskar,3,7.25
Home,Pyxis,2,7.233
Home,Flood,2,7.2
Mick Gordon,Blood Harvesting,2,7.2
David Buckley,Arkham Knight - Main Theme,3,7.1
Derek and the Dominos,Layla,1,7.1
Alexander Brandon,Assault At Oceanlab (Oceanlab Combat),2,7.0
Five Finger Death Punch,Sham Pain,2,6.967
Nick Arundel,"How Does It Feel, Pig?",3,6.95
C418,Subwoofer Lullaby,2,6.933
Home,Hold,2,6.9
Linkin Park,What I've Done,2,6.833
Micheal Giaccino,Star Trek Main Theme,2,6.833
Mick Gordon,You Can't Just Shoot A Hole Into The Surface Of Mars,4,6.8
Home,Night Swim,2,6.733
Metallica,Wherever I May Roam,1,6.717
Home,This Will Pass,2,6.7
Ludwig Goransson,The Baby,2,6.667
Ludwig Goransson,Hey Mando!,3,6.65
Kenta Nagata,World 1 - Princess Peach's Kingdom,6,6.6
Navie D,Slinky,2,6.567
Zack Bower,Shamburger (HD Edition Mix),2,6.567
永田権太,Underground,3,6.5
Zack Bower,Operation Monkey (HD Edition Mix),2,6.5
Stone Temple Pilots,Interstate Love Song,2,6.433
Mick Gordon,The Experiment,4,6.4
Pink Floyd,The Show Must Go On,4,6.4
Home,Intro,2,6.3
Keiki Kobayashi,Charge Assault,2,6.3
Mick Gordon,The Phantoms,2,6.3
Robert Prince,Sinister,2,6.3
Jesper Kyd,Action in Paris,2,6.267
Ludwig Goransson,A Warrior's Death,2,6.233
Alice in Chains,Rooster,1,6.233
Hans Zimmer,Harvey Two-Face,1,6.233
Home,Nights (I Wish I Could Be There),2,6.167
Camel,After Words (Instrumental),3,6.15
Home,Odyssey,1,6.15
Vitalis Eirich/Stephen Rippy,Quest for Eggs,5,6.083
Green Day,Basket Case,2,6.067
Vangelis,Tears in Rain,2,6.067
Home,Climbing Out,2,6.033
The Offspring,The Kids Aren't Alright,2,6.0
Christopher Larkin,Enter Hallownest,4,5.933
Mick Gordon,Asteroids And Rockets,1,5.917
Pink Floyd,Cluster One,1,5.917
Home,Puzzle,2,5.867
Samuel Barber,Adagio For Strings,1,5.867
Joan Jett and the Blackhearts,I Love Rock 'n' Roll,2,5.833
"Shiho Fujii, Ryo Nagamatsu, Kenta Nagata",World 5 - Jungle World,4,5.8
Navie D,Requium for Rose,1,5.767
Vitalis Eirich/Stephen Rippy,Quest for Bacon,5,5.75
Camel,Stationary Traveller (Instrumental),1,5.6
Mick Gordon,The Icon of Sin,1,5.6
Robert Prince,Sign Of Evil,2,5.533
Home,I See You,2,5.433
Ennio Morricone,"The Good, the Bad and the Ugly",2,5.4
Rage Against the Machine,Township Rebellion,1,5.4
Todd Masten,Ready for Battle,2,5.333
Eminem,Lose Yourself,1,5.333
Brad Fiedel,The Terminator (Main Title),2,5.3
Mick Gordon,Barging In,2,5.3
Michael McCann,LIMB Clinic,3,5.2
Pink Floyd,Outside the Wall,3,5.2
Home,Sun,2,5.2
The Guess Who,American Woman,1,5.117
Ludwig Goransson,Troopers,2,5.1
Mick Gordon,Command and Control,1,5.1
Chamillionaire,Ridin',1,5.05
Hans Zimmer,Herald of the Change,1,5.017
Rage Against the Machine,People of the Sun,2,5.0
Nine Inch Nails,Head Like a Hole,1,5.0
Mick Gordon,Mars Core,1,4.95
Camel,Spirit of the Water,4,4.933
Starship,We Built This City,1,4.933
Alexander Brandon,Hong Kong Canal (Desolation),2,4.833
Ludwig Goransson,To the Jawas,3,4.75
Michael McCann,Lower Hengsha Ambient (Part 1),2,4.7
Navie D,Squeeez,2,4.7
Todd Masten,Shamburger,1,4.7
Pink Floyd,Vera,3,4.65
Jack Wall &amp; Sam Hulick,Mass Effect Theme,2,4.633
Nick Arundel,It Was the Joker,2,4.633
Home,Sleep,1,4.567
Logic,GP4,1,4.567
Five Finger Death Punch,Wrong Side of Heaven,1,4.517
Alexander Brandon,Beneath the Waves (Oceanlab),2,4.5
Christopher Larkin,Soul Sanctum,1,4.5
Jesper Kyd,47 Attacks,2,4.467
Vitalis Eirich/Stephen Rippy,Quest for Bread,4,4.4
Michael McCann,Kinshasa: Fight Theme [360],1,4.367
Pink Floyd,Bring the Boys Back Home,3,4.35
Hans Zimmer,Holy War,1,4.333
Todd Masten,Ride Lawrence Ride,1,4.317
Todd Masten,The Monkey Book,1,4.3
Martin O'Donnell &amp; Michael Salvatori,Halo Theme Gungnir Mix (feat. Steve Vai),1,4.25
Todd Masten,Neep Ninny Bod,1,4.2
CoLD SToRAGE,BONUS TRACK : Foeter,1,4.167
Ludwig Goransson,Mando Flies,2,4.133
Michael Jackson,Bad,1,4.117
Todd Masten,I Will Beat on Your Behind,1,4.117
Ludwig Goransson,The Ewebb,1,4.1
Howard Shore,The Riders of Rohan,1,4.083
Todd Masten,Shookies in the Bank,1,4.083
Hans Zimmer,Burning Palms,1,4.067
Survivor,Eye of the Tiger,1,4.05
Todd Masten,Bass Bag,1,4.0
Mick Gordon,Human Elements,3,3.95
Todd Masten,Maps of the World,2,3.933
John Williams,Anakin vs. Obi-Wan,1,3.933
Ludwig Goransson,A Friend,1,3.867
Hans Zimmer,I Am The Batman,2,3.8
Mick Gordon,Acquiring The BFG,1,3.8
Navie D,Junkyard King,1,3.783
Mick Gordon,Typhon Voices,2,3.767
Aperture Science Psychoacoustics Laboratory,The Reunion,1,3.75
Hans Zimmer,Watch the World Burn,1,3.75
Aerosmith,Walk This Way,1,3.667
Nick Arundel,Evening the Odds,1,3.667
Hans Zimmer,A Storm Is Coming,6,3.6
Jesper Kyd,Trouble in Vegas,1,3.583
Home,Hold Your Breath,2,3.567
Robert Prince,Mouth For War,2,3.567
Todd Masten,Age of Empires II Main Theme,2,3.567
Christopher Tin,Baba Yetu,1,3.567
Alexander Brandon,OceanLab 2,1,3.55
Mick Gordon,The Baron Of Hell,1,3.533
Eddie Money,Baby Hold On,1,3.517
Mick Gordon,Phobos Base,1,3.517
Pink Floyd,Stop,7,3.5
Gorillaz,All Alone,1,3.5
Aperture Science Psychoacoustics Laboratory,Subject Name Here,2,3.467
Navie D,Cave Crawl,1,3.467
John Paseano,Spider-Man,1,3.433
Rage Against the Machine,Sleep Now in the Fire,1,3.417
Ludwig Goransson,Nurse Droid,3,3.4
Journey,Any Way You Want It,1,3.367
Ian Livingstone &amp; Phonat,Main Menu Theme 2,1,3.3
Zack Bower,Bass Bag (HD Edition Mix),1,3.25
Hans Zimmer,Always A Catch,2,3.233
Aperture Science Psychoacoustics Laboratory,I Saw a Deer Today,1,3.217
Jack Wall,The Wards,1,3.217
Michael McCann,Entering TYM,2,3.2
Kevin McMullan,"Last Name Crane, Ichabod",1,3.2
Hans Zimmer,Underground Army,1,3.183
Gorillaz,Last Living Souls,1,3.167
Ludwig Goransson,What Remains in the Tunnels,1,3.167
Alexander Brandon,Vandenberg,1,3.15
Navie D,Pulse,1,3.133
Toto,Paul Meets Chani,1,3.1
Ludwig Goransson,Bounty Droid,1,3.033
Zack Bower,Tazer (HD Edition Mix),1,3.017
Ludwig Goransson,The Mudhorn,1,3.0
Aperture Science Psychoacoustics Laboratory,Still Alive (J.C. Mix),1,2.933
Robert Prince,Suspense,1,2.933
Home,9,1,2.917
Zack Bower,"Ride, Lawrence, Ride! (HD Edition Mix)",1,2.9
Martin O'Donnell &amp; Michael Salvatori,Tribute,1,2.867
Navie D,Stop and Watch,1,2.85
Bill Kiley,Tied Up The Moment,1,2.833
Aperture Science Psychoacoustics Laboratory,You're Not a Good Person,2,2.8
Ludwig Goransson,Invaders on Their Land,1,2.8
Zack Bower,Drizzle (HD Edition Mix),1,2.75
Mick Gordon,The Truth Will Set You Free,2,2.733
Home,4,2,2.7
Henry Mancini,Pink Panther Theme,1,2.683
Alexander Brandon,Credits (The Illuminati),1,2.65
Stephen Rippy,Rich Corinthian Leather,2,2.633
Sam Hulick,A Very Dangerous Place,1,2.633
Noisecream,Discrete,1,2.617
Jack Wall,Liara's World,1,2.583
Hans Zimmer,The Fall,1,2.533
Robert Prince,The Imp's Song,1,2.533
Hans Zimmer,The One,1,2.5
Hans Zimmer,Blood for Blood,1,2.483
TheOfficialLobst,Moon Pool,1,2.467
Hans Zimmer,Rain,1,2.433
TheOfficialLobst,Andromeda,1,2.417
Home,13,2,2.4
"Asuka Ohta, Ryo Nagamatsu",Main Menu,2,2.367
"Asuka Ohta, Ryo Nagamatsu",Title,2,2.367
Ian Livingstone &amp; Phonat,Main Menu Theme 3,1,2.367
Ludowic,Prison Air 2,1,2.367
Navie D,DSM-V,1,2.367
Christopher Larkin,Resting Grounds,1,2.2
"Shiho Fujii, Ryo Nagamatsu, Kenta Nagata",Jungle,1,2.167
永田権太,Underground (Yoshi),1,2.167
Stephen Rippy,Uluzah,2,2.033
Robert Prince,Waltz Of The Demons,1,2.033
Christopher Larkin,Dream,1,2.017
Martin O'Donnell &amp; Michael Salvatori,Still Moving,1,2.017
Hans Zimmer,Gom Jabbar,1,2.0
Jack Wall,Saren,1,1.983
Jesse Harlin,Vode An (Brothers All),1,1.967
Ludvig Forssell,Forward Operating Base,1,1.967
Hans Zimmer,Born In Darkness,1,1.933
Aperture Science Psychoacoustics Laboratory,Your Precious Moon,1,1.917
Hans Zimmer,Leaving Caladan,1,1.917
Jack Wall,Criminal Elements,1,1.883
Martin O'Donnell &amp; Michael Salvatori,Walking Away,1,1.883
Richard Jacques/Jack Wall &amp; Sam Hulick,Spectre Induction,1,1.867
Toto,Prologue,1,1.85
Hans Zimmer,Sanctuary,1,1.833
Martin O'Donnell &amp; Michael Salvatori,Strung,1,1.8
Martin O'Donnell &amp; Michael Salvatori,Xenoarchaeology,1,1.767
CoLD SToRAGE,Xenon,3,1.75
Howard Shore,Cirith Ungol,1,1.733
Martin O'Donnell &amp; Michael Salvatori,Choreographic,1,1.733
Yes,Cans and Brahms,1,1.717
Jack Wall,Vigil,1,1.7
Richard Jacques/Jack Wall &amp; Sam Hulick,The Citadel,1,1.7
Yes,We Have Heaven,1,1.65
Home,29,1,1.617
Home,24,1,1.55
Home,20,1,1.533
Sam Hulick,The Normandy,1,1.533
Jack Wall,The Presidium,1,1.517
Alexander Brandon,Hong Kong Club 2,1,1.467
Keiki Kobayashi,Fort Grays Air Base Hangar,1,1.433
Home,22,1,1.417
Ludwig Goransson,Blurg Attack,1,1.417
Home,6,1,1.367
Mick Gordon,Neuromods,1,1.367
Sam Hulick,Battle At Eden Prime,1,1.35
Todd Masten,Carne y Helado,1,1.35
Home,Oracle,1,1.333
Ludwig Goransson,Raiders,1,1.333
Toto,Main Title,1,1.333
Alexander Brandon,Helios Ending,1,1.317
Home,5,1,1.283
Brad Fiedel,Terminator Gets Guns/Search for Sarah,1,1.217
Stephen Rippy,Noddinagushpa (Main Title),1,1.2
Gorillaz,Intro,1,1.05
Michael McCann,Jewel of the Orient,1,1.05
Todd Masten,Flesh and Ice Cream,1,1.05
Hans Zimmer,Stranded,1,0.967
Home,26,1,0.967
Stephen Rippy,Across the Ocean Sea,1,0.917
Home,25,1,0.9
Ian Livingstone &amp; Phonat,Endurance Intro,1,0.883
Ian Livingstone &amp; Phonat,Loading Theme 5,1,0.717
Justin Stander,A Tense Moment,1,0.583
